[
  {
    "slug": "asphalt-8",
    "name": "Asphalt 8",
    "description": "High Speed racing action with stunts and stunning gameplay",
    "versions": [
      {
        "platform": "1.00j for Windows",
        "url": "https://drive.usercontent.google.com/download?id=1QQBuIen3feZYINY1pEeY1_uxO23C9zAG&export=download&authuser=0",
        "tags": ["Racing", "SinglePlayer", "Offline"]
      },
      {
        "platform": "Remastered Edition for Android",
        "url": "https://techboy1997mods.blogspot.com/p/download_10.html",
        "tags": ["Racing", "SinglePlayer", "Offline"]
      },
      {
        "platform": "1.90f for Android",
        "url": "https://drive.usercontent.google.com/download?id=1xvJ4Lr6-651L8tPV1cgPgfF1f25RVuPZ&export=download&authuser=0",
        "tags": ["Racing", "SinglePlayer", "Offline", "Unmodded"]
      },
      {
        "platform": "1.70f for Android",
        "url": "https://www.mediafire.com/file/up520zidxw6631n/Asphalt_8_Airborne_Samsung_Store-1.7.0-607459+%281%29.7z/file",
        "tags": ["Racing", "SinglePlayer", "Offline", "Unmodded"]
      },
      {
        "platform": "5.60if for Android",
        "url": "https://disk.yandex.com/d/tkZT_OdMK6c6dg",
        "tags": ["Racing", "SinglePlayer", "Offline", "Unmodded"]
      },
      {
        "platform": "3.80m for Android",
        "url": "https://www.mediafire.com/file/e2j2aopfc746sba/A8_3.8.0m.zip/file",
        "tags": ["Racing", "SinglePlayer", "Offline", "Unmodded"]
      },
      {
        "platform": "3.00L for Android",
        "url": "https://www.mediafire.com/file/wji2xipbpk8kav6/Asphalt+8+3.0.0L+mod.apk/file",
        "tags": ["Racing", "SinglePlayer", "Offline", "Modded"]
      },
      {
        "platform": "3.11c for Android",
        "url": "https://www.mediafire.com/file/4pspo6e5qs2bn02/Airborne+3.1.1c.apk",
        "tags": ["Racing", "SinglePlayer", "Offline", "Unmodded"]
      },
      {
        "platform": "1.20 Premium Edition for Android",
        "url": "https://www.mediafire.com/folder/khaxxvvstba7l/A8P_by_Techboy1997",
        "tags": ["Racing", "SinglePlayer", "Offline", "Unmodded"]
      }
    ]
  },
  {
    "slug": "assetto-corsa",
    "name": "Assetto Corsa",
    "description": "Realistic racing simulator focusing on authentic driving physics, detailed car and track modeling, and extensive modding support.",
    "versions": [
      {
        "platform": "Windows",
        "url": "https://www.filecrypt.cc/Container/B4F5089761",
        "tags": ["Racing", "Singleplayer/Multiplayer", "Simulation"]
      }
    ]
  },
  {
    "slug": "blur",
    "name": "Blur",
    "description": "Arcade-style racing vehicular combat video game incorporating real world cars and locales with power-ups.",
    "release_date": "2010-05-25",
    "versions": [
      {
        "platform": "Windows",
        "url": "https://drive.google.com/drive/folders/1-eVwx1P9gccezheCOYQLa21WmhcCmHR_?usp=drive_link",
        "tags": ["Racing", "Arcade", "Vehicular Combat", "Singleplayer/Multiplayer"]
      }
    ]
  },
  {
    "slug": "call-of-duty-2",
    "name": "Call of Duty 2",
    "description": "WWII first-person shooter offering intense campaigns across multiple fronts.",
    "versions": [
      {
        "platform": "Windows",
        "url": "https://filecrypt.co/Container/14C4C5AF80",
        "tags": ["Shooter", "Singleplayer/Multiplayer"]
      }
    ]
  },
  {
    "slug": "call-of-duty-united-offensive",
    "name": "Call of Duty: United Offensive",
    "description": "Expansion to the original Call of Duty with new campaigns and maps.",
    "versions": [
      {
        "platform": "Windows",
        "url": "https://buzzheavier.com/o78zdiymb7co",
        "tags": ["Shooter", "Singleplayer/Multiplayer"]
      }
    ]
  },
  {
    "slug": "call-of-duty-4-modern-warfare",
    "name": "Call of Duty 4",
    "description": "Modern-era military FPS that redefined the series with intense combat and cinematic storytelling.",
    "versions": [
      {
        "platform": "Windows",
        "url": "https://filecrypt.co/Container/BC05E6D027",
        "tags": ["Shooter", "Singleplayer/Multiplayer"]
      }
    ]
  },
  {
    "slug": "call-of-duty-world-at-war",
    "name": "Call of Duty: World at War",
    "description": "Return to WWII with brutal Pacific and Eastern Front battles.",
    "versions": [
      {
        "platform": "Windows",
        "url": "https://www.filecrypt.cc/Container/06AF804F12",
        "tags": ["Shooter", "Singleplayer/Multiplayer"]
      }
    ]
  },
  {
    "slug": "call-of-duty-black-ops",
    "name": "Call of Duty: Black Ops",
    "description": "Cold War-era shooter blending covert operations with explosive missions.",
    "versions": [
      {
        "platform": "Windows",
        "url": "https://www.filecrypt.cc/Container/94F59E8FBA",
        "tags": ["Shooter", "Singleplayer/Multiplayer"]
      }
    ]
  },
  {
    "slug": "call-of-duty-modern-warfare-2",
    "name": "Call of Duty: Modern Warfare 2",
    "description": "Sequel to Modern Warfare, delivering intense cinematic missions.",
    "versions": [
      {
        "platform": "Windows",
        "url": "https://megadb.net/dlwtjw7z7qze",
        "tags": ["Shooter", "Singleplayer/Multiplayer"]
      }
    ]
  },
  {
    "slug": "call-of-duty-modern-warfare-3",
    "name": "Call of Duty: Modern Warfare 3",
    "description": "Global conflict reaches its climax in the Modern Warfare trilogy.",
    "versions": [
      {
        "platform": "Windows",
        "url": "https://www.filecrypt.cc/Container/EE9BC56C25",
        "tags": ["Shooter", "Singleplayer/Multiplayer"]
      }
    ]
  },
  {
    "slug": "call-of-duty-black-ops-2",
    "name": "Call of Duty: Black Ops II",
    "description": "Branching storylines and futuristic tech in a Cold War sequel.",
    "versions": [
      {
        "platform": "Windows",
        "url": "https://buzzheavier.com/b65jhpnucnac",
        "tags": ["Shooter", "Singleplayer/Multiplayer"]
      }
    ]
  },
  {
    "slug": "call-of-duty-ghosts",
    "name": "Call of Duty: Ghosts",
    "description": "Post-apocalyptic warfare with a new squad system.",
    "versions": [
      {
        "platform": "Windows",
        "url": "https://www.filecrypt.cc/Container/5F4E813808",
        "tags": ["Shooter", "Singleplayer/Multiplayer"]
      }
    ]
  },
  {
    "slug": "call-of-duty-advanced-warfare",
    "name": "Call of Duty: Advanced Warfare",
    "description": "Futuristic shooter introducing exosuits and high-tech weaponry.",
    "versions": [
      {
        "platform": "Windows",
        "url": "https://filecrypt.co/Container/3C0C30BA8E",
        "tags": ["Shooter", "Singleplayer/Multiplayer"]
      }
    ]
  },
  {
    "slug": "call-of-duty-black-ops-3",
    "name": "Call of Duty: Black Ops III",
    "description": "Cybernetic soldiers and futuristic warfare in a high-tech world.",
    "versions": [
      {
        "platform": "Windows",
        "url": "https://filecrypt.co/Container/38F140D44F",
        "tags": ["Shooter", "Singleplayer/Multiplayer"]
      }
    ]
  },
  {
    "slug": "call-of-duty-infinite-warfare",
    "name": "Call of Duty: Infinite Warfare",
    "description": "Interplanetary warfare with a cinematic singleplayer campaign.",
    "versions": [
      {
        "platform": "Windows",
        "url": "https://cdn1.koyso.to/COD.Infinite.Warfare.v6.23.rar?verify=1755209483-jZivzXol0BKauUuB3Q4INH82M2DjhHfGcuC8eI22K5c%3D",
        "tags": ["Shooter", "Singleplayer/Multiplayer"]
      }
    ]
  },
  {
    "slug": "call-of-duty-wwii",
    "name": "Call of Duty: WWII",
    "description": "Cinematic WWII campaign and classic multiplayer action.",
    "versions": [
      {
        "platform": "Windows",
        "url": "https://filecrypt.co/Container/78EE18682F",
        "tags": ["Shooter", "Singleplayer/Multiplayer"]
      }
    ]
  },
  {
    "slug": "call-of-duty-modern-warfare-2019",
    "name": "Call of Duty: Modern Warfare (2019)",
    "description": "A gritty reboot of the Modern Warfare series with photorealistic visuals.",
    "versions": [
      {
        "platform": "Windows",
        "url": "https://gofile.io/d/KuPsVO",
        "tags": ["Shooter", "Singleplayer/Multiplayer"]
      }
    ]
  },
  {
    "slug": "call-of-duty-black-ops-cold-war",
    "name": "Call of Duty: Black Ops Cold War",
    "description": "Cold War espionage and covert missions with multiplayer and zombies modes.",
    "versions": [
      {
        "platform": "Windows",
        "url": "https://www.filecrypt.cc/Container/C8547E423A",
        "tags": ["Shooter", "Singleplayer/Multiplayer"]
      }
    ]
  },
  {
    "slug": "call-of-duty-vanguard",
    "name": "Call of Duty: Vanguard",
    "description": "WWII shooter exploring multiple theaters of war.",
    "versions": [
      {
        "platform": "Windows",
        "url": "https://buzzheavier.com/8ep7hnsqw7hg",
        "tags": ["Shooter", "Singleplayer/Multiplayer"]
      }
    ]
  },
  {
    "slug": "call-of-duty-black-ops-6",
    "name": "Call of Duty: Black Ops 6",
    "description": "The latest entry in the Black Ops series, featuring next-gen visuals and gripping action.",
    "versions": [
      {
        "platform": "Windows",
        "url": "https://gofile.io/d/W6wY7g",
        "tags": ["Shooter", "Singleplayer/Multiplayer"]
      }
    ]
  },
  {
    "slug": "forza-motorsport-2",
    "name": "Forza Motorsport 2",
    "description": "The second installment in the highly acclaimed racing simulation series, now playable on PC via emulation.",
    "release_date": "2007-05-29",
    "versions": [
      {
        "platform": "Windows, XBOX 360 Emulated",
        "url": "https://1fichier.com/?1dhd3mekh0837olx6yot",
        "tags": ["Racing", "Simulation", "Emulated"]
      }
    ]
  },
  {
    "slug": "forza-motorsport-3",
    "name": "Forza Motorsport 3",
    "description": "Experience the thrill of over 400 cars and 100 tracks in stunning HD, now playable on PC via emulation.",
    "release_date": "2009-10-23",
    "versions": [
      {
        "platform": "Windows, XBOX 360 Emulated",
        "url": "https://1fichier.com/?1viocrz3hdst8ly3owns",
        "tags": ["Racing", "Simulation", "Emulated"]
      }
    ]
  },
  {
    "slug": "forza-motorsport-4",
    "name": "Forza Motorsport 4 - All DLC",
    "description": "The definitive racing simulation with a vast car roster and detailed tracks, including all DLC, now playable on PC via emulation.",
    "release_date": "2011-10-11",
    "versions": [
      {
        "platform": "Windows, XBOX 360 Emulated",
        "url": "https://1fichier.com/?q5vvq6l5hs1pg82acj3g",
        "tags": ["Racing", "Simulation", "All DLC", "Emulated"]
      }
    ]
  },
  {
    "slug": "forza-horizon-1-all-dlc",
    "name": "Forza Horizon - ALL DLC",
    "description": "The first open-world Forza experience set during the fictional Horizon Festival, including all DLC, now playable on PC via emulation.",
    "release_date": "2012-10-23",
    "versions": [
      {
        "platform": "Windows, XBOX 360 Emulated",
        "url": "https://1fichier.com/?jp9eb7dmfc0c0kdajec0",
        "tags": ["Racing", "Open World", "Arcade", "All DLC", "Emulated"]
      }
    ]
  },
  {
    "slug": "forza-horizon-2",
    "name": "Forza Horizon 2",
    "description": "Explore a massive open world with dynamic weather and day-night cycles, available on PC.",
    "release_date": "2014-09-30",
    "versions": [
      {
        "platform": "Windows",
        "url": "https://1fichier.com/?9o8go8y8d0tv9vbibal3",
        "tags": ["Racing", "Open World", "Arcade"]
      }
    ]
  },
  {
    "slug": "forza-horizon-2-presents-fast-and-furious",
    "name": "Forza Horizon 2 Presents Fast And Furious",
    "description": "A standalone expansion to Forza Horizon 2, featuring cars and themes from the Fast & Furious film series, for PC.",
    "release_date": "2015-03-27",
    "versions": [
      {
        "platform": "Windows",
        "url": "https://1fichier.com/?8w5n2wg4h902r260o6ek",
        "tags": ["Racing", "Open World", "Arcade", "Expansion"]
      }
    ]
  },
  {
    "slug": "forza-motorsport-6-apex",
    "name": "Forza Motorsport 6 Apex",
    "description": "A free-to-play Forza Motorsport experience designed for Windows 10, featuring stunning graphics and a curated selection of cars and tracks.",
    "release_date": "2016-05-05",
    "versions": [
      {
        "platform": "Windows",
        "url": "https://1fichier.com/?tfnqerm9hscz8w4z05ie",
        "tags": ["Racing", "Simulation", "Free-to-Play"]
      }
    ]
  },
  {
    "slug": "forza-horizon-3",
    "name": "Forza Horizon 3",
    "description": "Lead the Horizon Festival in Australia, expanding it with new events and locations, on PC.",
    "release_date": "2016-09-27",
    "versions": [
      {
        "platform": "Windows",
        "url": "https://1fichier.com/?mzlp40gh9oyna4h4dvd3",
        "tags": ["Racing", "Open World", "Arcade"]
      }
    ]
  },
  {
    "slug": "forza-motorsport-7",
    "name": "Forza Motorsport 7",
    "description": "Experience the ultimate automotive playground with over 700 cars and 30 destinations, now on Windows.",
    "release_date": "2017-10-03",
    "versions": [
      {
        "platform": "Windows",
        "url": "https://1fichier.com/?g4qsvikj1n17hicmob9g",
        "tags": ["Racing", "Simulation"]
      }
    ]
  },
  {
    "slug": "forza-horizon-4",
    "name": "Forza Horizon 4",
    "description": "Race through a beautiful, historic Britain in a shared open world with dynamic seasons, for PC.",
    "release_date": "2018-10-02",
    "versions": [
      {
        "platform": "Windows",
        "url": "https://1fichier.com/?9hfqo87lckdacvn2nv44",
        "tags": ["Racing", "Open World", "Arcade", "Seasons"]
      }
    ]
  },
  {
    "slug": "gran-turismo-1",
    "name": "Gran Turismo 1",
    "description": "The groundbreaking racing simulation that set new standards for realism and depth on the PlayStation.",
    "release_date": "1997-12-23",
    "versions": [
      {
        "platform": "Windows, PS1 Emulated",
        "url": "https://drive.google.com/drive/u/2/folders/1zyRQtYFqnho9DEtF4XDTinPdiUUDugbZ",
        "tags": ["Racing", "Simulation", "Emulated", "Classic"]
      }
    ]
  },
  {
    "slug": "gran-turismo-2",
    "name": "Gran Turismo 2",
    "description": "Expanded on the original with more cars, tracks, and deeper customization, a must-play for racing enthusiasts.",
    "release_date": "1999-12-11",
    "versions": [
      {
        "platform": "Windows, PS1 Emulated",
        "url": "https://drive.google.com/drive/u/4/folders/1M78_F5yWVvsGLAVUx-cYK1P4_NawBFcf",
        "tags": ["Racing", "Simulation", "Emulated", "Classic"]
      }
    ]
  },
  {
    "slug": "gran-turismo-3-a-spec",
    "name": "Gran Turismo 3 - A Spec",
    "description": "A pivotal entry in the series, leveraging the power of PlayStation 2 for enhanced graphics and physics.",
    "release_date": "2001-04-28",
    "versions": [
      {
        "platform": "Windows, PS2 Emulated",
        "url": "https://drive.google.com/drive/u/2/folders/1lGO8UChtVtfv5gNLMQV_zJi3_78UcOty",
        "tags": ["Racing", "Simulation", "Emulated"]
      }
    ]
  },
  {
    "slug": "gran-turismo-4",
    "name": "Gran Turismo 4",
    "description": "Known for its massive car list, detailed physics, and iconic Photo Mode, pushing PS2 capabilities.",
    "release_date": "2004-12-28",
    "versions": [
      {
        "platform": "Windows, PS2 Emulated",
        "url": "https://drive.google.com/drive/u/6/folders/1MlT7yPExgArdNi8o3-i4Uy_cwqZ7XCJf",
        "tags": ["Racing", "Simulation", "Emulated"]
      }
    ]
  },
  {
    "slug": "gran-turismo-hd",
    "name": "Gran Turismo HD Concept",
    "description": "A tech demo for the PlayStation 3, showcasing the series' graphical potential in high definition.",
    "release_date": "2006-12-24",
    "versions": [
      {
        "platform": "Windows, PS3 Emulated",
        "url": "https://1fichier.com/?mp8v85jkre1eqe99xmz5",
        "tags": ["Racing", "Simulation", "Emulated", "Demo"]
      }
    ]
  },
  {
    "slug": "gran-turismo-5",
    "name": "Gran Turismo 5",
    "description": "The first main Gran Turismo title for PS3, featuring premium and standard cars, extensive online features, and stunning visuals.",
    "release_date": "2010-11-24",
    "versions": [
      {
        "platform": "Windows, PS3 Emulated",
        "url": "https://1fichier.com/?q9zaaph99gzyyrl0zywa",
        "tags": ["Racing", "Simulation", "Emulated", "Online Features"]
      }
    ]
  },
  {
    "slug": "gran-turismo-6",
    "name": "Gran Turismo 6",
    "description": "Celebrating 15 years of Gran Turismo, this entry brought more cars, tracks, and a new physics engine to the PS3.",
    "release_date": "2013-12-05",
    "versions": [
      {
        "platform": "Windows, PS3 Emulated",
        "url": "https://1fichier.com/?qvjwzn6a33smwbjr8yuj",
        "tags": ["Racing", "Simulation", "Emulated"]
      }
    ]
  },
  {
    "slug": "nfs-porsche-unleashed",
    "name": "Need for Speed: Porsche Unleashed",
    "description": "Experience the evolution of Porsche cars through different eras in this detailed racing simulator.",
    "release_date": "2000-03-29",
    "versions": [
      {
        "platform": "Windows",
        "url": "https://megadb.net/oask1xvmqyhg",
        "tags": ["Racing", "Simulation", "Classic"]
      }
    ]
  },
  {
    "slug": "nfs-most-wanted-2005",
    "name": "Need For Speed: Most Wanted 2005",
    "description": "High-speed racing action with stunning visual effects.",
    "release_date": "2005-11-11",
    "versions": [
      {
        "platform": "Windows",
        "url": "https://drive.google.com/drive/folders/1wtdYXvKdiyJsNv-deN4d8ski9j2xB86C",
        "tags": ["Racing", "Singleplayer", "Arcade"]
      },
      {
        "platform": "Mac",
        "url": "https://www.paulthetall.com/need-for-speed-most-wanted-mac/",
        "tags": ["Racing", "Singleplayer", "Arcade"]
      }
    ]
  },
  {
    "slug": "nfs-carbon",
    "name": "Need for Speed: Carbon",
    "description": "Race for control of the city's districts with your crew, facing off against rivals in canyon duels.",
    "release_date": "2006-10-31",
    "versions": [
      {
        "platform": "Windows",
        "url": "https://filecrypt.co/Container/373391F48A",
        "tags": ["Racing", "Street Racing", "Singleplayer"]
      }
    ]
  },
  {
    "slug": "nfs-undercover",
    "name": "Need for Speed: Undercover",
    "description": "Go deep undercover to take down an international crime syndicate in high-stakes chases.",
    "release_date": "2008-11-18",
    "versions": [
      {
        "platform": "Windows",
        "url": "https://filecrypt.co/Container/B2B35ACB2C",
        "tags": ["Racing", "Action", "Singleplayer"]
      }
    ]
  },
  {
    "slug": "nfs-shift",
    "name": "Need for Speed: Shift",
    "description": "A simulation-focused Need for Speed title offering a realistic racing experience with intense cockpit views.",
    "release_date": "2009-09-15",
    "versions": [
      {
        "platform": "Windows",
        "url": "https://megadb.net/abxqhqffwzmn",
        "tags": ["Racing", "Simulation", "Track Racing"]
      }
    ]
  },
  {
    "slug": "nfs-hot-pursuit",
    "name": "Need For Speed: Hot Pursuit",
    "description": "High-speed racing action with stunning visual effects.",
    "release_date": "2010-11-16",
    "versions": [
      {
        "platform": "Windows",
        "url": "https://mega.nz/file/JzoBzbLD#j2PWBzIwxlL8LAn309xGZI0XYNh-PA9CWqb2j6M326g",
        "tags": ["Racing", "Multiplayer", "Simulation"]
      },
      {
        "platform": "Android",
        "url": "https://lzip.us/EYr",
        "tags": ["Racing", "Mobile", "Touch-Controls"]
      },
      {
        "platform": "IOS",
        "url": "https://dl.iosvizor.net/need-for-speed-hot-pursuit/NFS-Hot-Pursuit-v1.3.33-iosvizor.ipa",
        "tags": ["Racing", "Mobile", "Touch-Controls"]
      }
    ]
  },
  {
    "slug": "nfs-the-run",
    "name": "Need for Speed: The Run",
    "description": "Embark on a high-stakes, cross-country race from San Francisco to New York.",
    "release_date": "2011-11-15",
    "versions": [
      {
        "platform": "Windows",
        "url": "https://buzzheavier.com/a47tccs70f51",
        "tags": ["Racing", "Story-driven", "Singleplayer"]
      }
    ]
  },
  {
    "slug": "nfs-most-wanted-2012",
    "name": "Need for Speed: Most Wanted 2012",
    "description": "Outsmart cops and rivals, utilizing open-world freedom in this adrenaline-fueled racer.",
    "release_date": "2012-10-30",
    "versions": [
      {
        "platform": "Windows",
        "url": "https://1fichier.com/?3p13zunhf9ie0is8iaeu",
        "tags": ["Racing", "Open World", "Police Chase"]
      }
    ]
  },
  {
    "slug": "nfs-rivals-complete-edition",
    "name": "Need for Speed: Rivals Complete Edition",
    "description": "Play as either a cop or a racer in a vast open-world, using various pursuits tech.",
    "release_date": "2013-11-19",
    "versions": [
      {
        "platform": "Windows",
        "url": "https://www.filecrypt.cc/Container/0835B9CFF5",
        "tags": ["Racing", "Open World", "Police Chase", "Multiplayer"]
      }
    ]
  },
  {
    "slug": "nfs-payback",
    "name": "Need for Speed: Payback",
    "description": "Seek revenge against The House, a cartel controlling the city's casinos, criminals, and cops.",
    "release_date": "2017-11-10",
    "versions": [
      {
        "platform": "Windows",
        "url": "https://filecrypt.co/Container/24638FFD73.html",
        "tags": ["Racing", "Action", "Story-driven"]
      }
    ]
  },
  {
    "slug": "nfs-heat",
    "name": "Need for Speed: Heat",
    "description": "Master the art of street racing by day and risk it all by night in high-stakes races against rogue cops.",
    "release_date": "2019-11-08",
    "versions": [
      {
        "platform": "Windows",
        "url": "https://1fichier.com/?bqs5aiwh3jt4twj3168u",
        "tags": ["Racing", "Open World", "Street Racing"]
      }
    ]
  }
]




