[
  {
    "title": "Burnout Paradise",
    "description": "Crash and race through Paradise City.",
    "versions": [
      {
        "name": "Ultimate Box",
        "platform": "PC",
        "tags": [
          "Racing",
          "Open World"
        ],
        "link": "https://gofile.io/d/Burnout_UB"
      },
      {
        "name": "Remastered",
        "platform": "PS4",
        "tags": [
          "Racing",
          "Remaster"
        ],
        "link": "https://gofile.io/d/Burnout_Remastered"
      }
    ]
  }
]